{"EUR_USD": 1.10268, "USD_EUR": 0.906925, "BYN_USD": 0.47336, "USD_BYN": 2.112557, "USD_RUB": 62.072504, "RUB_USD": 0.01611}