{"USD_BYN": 2.118403, "BYN_USD": 0.472054, "EUR_BYN": 2.337683, "BYN_EUR": 0.427799, "RUB_BYN": 0.034189, "BYN_RUB": 29.24338, "RUB_USD": 0.016184, "USD_RUB": 61.789963}